[{"model": "menu.tag", "pk": 51, "fields": {"name": "atag"}}, {"model": "menu.tag", "pk": 52, "fields": {"name": "anothertag"}}, {"model": "menu.tag", "pk": 53, "fields": {"name": "tag"}}, {"model": "menu.tag", "pk": 54, "fields": {"name": "Tag2"}}, {"model": "menu.tag", "pk": 55, "fields": {"name": "Tag23"}}, {"model": "menu.tag", "pk": 56, "fields": {"name": "zzz"}}, {"model": "menu.tag", "pk": 57, "fields": {"name": "tttag"}}, {"model": "menu.tag", "pk": 58, "fields": {"name": "aaaa"}}, {"model": "menu.tag", "pk": 59, "fields": {"name": "asdf"}}, {"model": "menu.tag", "pk": 63, "fields": {"name": "anewtag"}}, {"model": "menu.tag", "pk": 64, "fields": {"name": ""}}, {"model": "menu.tag", "pk": 65, "fields": {"name": "sometag"}}, {"model": "menu.ingredient", "pk": 6, "fields": {"recipe": 3, "name": "Potatoes", "comment": "", "amount": "3.000", "unit": "large", "sorting": 6}}, {"model": "menu.ingredient", "pk": 7, "fields": {"recipe": 3, "name": "Tomatoes", "comment": "diced", "amount": "2.000", "unit": "medium", "sorting": 7}}, {"model": "menu.ingredient", "pk": 8, "fields": {"recipe": 3, "name": "Carrots", "comment": "sliced", "amount": "4.000", "unit": "medium", "sorting": 8}}, {"model": "menu.ingredient", "pk": 9, "fields": {"recipe": 4, "name": "Tacos", "comment": "", "amount": "1.000", "unit": "huge", "sorting": 9}}, {"model": "menu.ingredient", "pk": 10, "fields": {"recipe": 4, "name": "Soup", "comment": "", "amount": "1.000", "unit": "dash", "sorting": 10}}, {"model": "menu.ingredient", "pk": 18, "fields": {"recipe": 5, "name": "ipsum", "comment": "", "amount": "3.000", "unit": "tsp", "sorting": -10}}, {"model": "menu.ingredient", "pk": 20, "fields": {"recipe": 6, "name": "Ingredient 1", "comment": "tasty", "amount": "1.000", "unit": "small", "sorting": 1}}, {"model": "menu.ingredient", "pk": 22, "fields": {"recipe": 5, "name": "Lorem", "comment": "", "amount": "1.000", "unit": "cup", "sorting": -20}}, {"model": "menu.ingredient", "pk": 24, "fields": {"recipe": 5, "name": "dgggolor", "comment": "to taste", "amount": "0.000", "unit": "", "sorting": 0}}, {"model": "menu.ingredient", "pk": 27, "fields": {"recipe": 8, "name": "ingredient1", "comment": "", "amount": "3.000", "unit": "cups", "sorting": 10}}, {"model": "menu.ingredient", "pk": 28, "fields": {"recipe": 8, "name": "asdfgeg", "comment": "", "amount": "3.000", "unit": "bags", "sorting": 20}}, {"model": "menu.ingredient", "pk": 29, "fields": {"recipe": 8, "name": "h4rh4", "comment": "", "amount": "3.000", "unit": "yhas", "sorting": 30}}, {"model": "menu.ingredient", "pk": 30, "fields": {"recipe": 8, "name": "wegw", "comment": "this is an ingredient detail", "amount": "3.000", "unit": "gewg", "sorting": 40}}, {"model": "menu.ingredient", "pk": 31, "fields": {"recipe": 9, "name": "Ydguhf", "comment": "Foo", "amount": "3.000", "unit": "Bag", "sorting": 10}}, {"model": "menu.ingredient", "pk": 32, "fields": {"recipe": 9, "name": "7uhgg", "comment": "", "amount": "33.000", "unit": "Uh", "sorting": 0}}, {"model": "menu.ingredient", "pk": 34, "fields": {"recipe": 13, "name": "asde", "comment": "", "amount": "0.000", "unit": "", "sorting": 10}}, {"model": "menu.ingredient", "pk": 35, "fields": {"recipe": 13, "name": "asdf", "comment": "", "amount": "0.000", "unit": "", "sorting": 20}}, {"model": "menu.ingredient", "pk": 36, "fields": {"recipe": 13, "name": "saedrh", "comment": "", "amount": "0.000", "unit": "", "sorting": 30}}, {"model": "menu.ingredient", "pk": 37, "fields": {"recipe": 13, "name": "aweg", "comment": "", "amount": "0.000", "unit": "", "sorting": 40}}, {"model": "menu.ingredient", "pk": 38, "fields": {"recipe": 13, "name": "egegg", "comment": "", "amount": "0.000", "unit": "", "sorting": 50}}, {"model": "menu.ingredient", "pk": 39, "fields": {"recipe": 14, "name": "aweg", "comment": "weg", "amount": "0.000", "unit": "Weg", "sorting": 10}}, {"model": "menu.ingredient", "pk": 40, "fields": {"recipe": 14, "name": "geg", "comment": "3g3g", "amount": "3.000", "unit": "g3g3g", "sorting": 20}}, {"model": "menu.ingredient", "pk": 47, "fields": {"recipe": 11, "name": "awegaw", "comment": "aweg", "amount": "0.000", "unit": "aweg", "sorting": 20}}, {"model": "menu.ingredient", "pk": 48, "fields": {"recipe": 8, "name": "asfw", "comment": "", "amount": "0.000", "unit": "wef", "sorting": 50}}, {"model": "menu.ingredient", "pk": 49, "fields": {"recipe": 15, "name": "Aweg", "comment": "", "amount": "1.000", "unit": "3g", "sorting": 20}}, {"model": "menu.ingredient", "pk": 50, "fields": {"recipe": 15, "name": "asdf", "comment": "", "amount": "0.010", "unit": "", "sorting": 30}}, {"model": "menu.ingredient", "pk": 51, "fields": {"recipe": 13, "name": "newthing", "comment": "qwef", "amount": "2.000", "unit": "234", "sorting": 60}}, {"model": "menu.ingredient", "pk": 52, "fields": {"recipe": 13, "name": "Thing", "comment": "", "amount": "1.000", "unit": "Units", "sorting": 70}}, {"model": "menu.ingredient", "pk": 53, "fields": {"recipe": 13, "name": "Almond flour", "comment": "", "amount": "0.000", "unit": "", "sorting": 80}}, {"model": "menu.ingredient", "pk": 54, "fields": {"recipe": 13, "name": "asdf", "comment": "wef", "amount": "0.000", "unit": "wef", "sorting": 90}}, {"model": "menu.ingredient", "pk": 55, "fields": {"recipe": 13, "name": "asffasdfasdfasdfasdf", "comment": "", "amount": "0.000", "unit": "", "sorting": 100}}, {"model": "menu.ingredient", "pk": 56, "fields": {"recipe": 12, "name": "Aewgaweg", "comment": "", "amount": "0.000", "unit": "", "sorting": 20}}, {"model": "menu.ingredient", "pk": 57, "fields": {"recipe": 12, "name": "asegwaegwef", "comment": "", "amount": "0.000", "unit": "wef", "sorting": 10}}, {"model": "menu.ingredient", "pk": 58, "fields": {"recipe": 17, "name": "Turkey Bacon", "comment": "", "amount": "2.000", "unit": "slices", "sorting": 10}}, {"model": "menu.ingredient", "pk": 59, "fields": {"recipe": 17, "name": "Egg", "comment": "", "amount": "6.000", "unit": "", "sorting": 20}}, {"model": "menu.ingredient", "pk": 60, "fields": {"recipe": 17, "name": "Heavy whipping cream", "comment": "", "amount": "0.500", "unit": "cup", "sorting": 30}}, {"model": "menu.ingredient", "pk": 61, "fields": {"recipe": 17, "name": "Aweg", "comment": "", "amount": "0.000", "unit": "", "sorting": 40}}, {"model": "menu.ingredient", "pk": 62, "fields": {"recipe": 12, "name": "asdf", "comment": "", "amount": "1.000", "unit": "", "sorting": 30}}, {"model": "menu.ingredient", "pk": 63, "fields": {"recipe": 12, "name": "asdfawe", "comment": "", "amount": "1.000", "unit": "", "sorting": 40}}, {"model": "menu.ingredient", "pk": 64, "fields": {"recipe": 13, "name": "aweg", "comment": "", "amount": "3.000", "unit": "", "sorting": 110}}, {"model": "menu.ingredient", "pk": 65, "fields": {"recipe": 13, "name": "zzzzz", "comment": "", "amount": "3.000", "unit": "", "sorting": 130}}, {"model": "menu.ingredient", "pk": 66, "fields": {"recipe": 13, "name": "11123", "comment": "", "amount": "3.000", "unit": "", "sorting": 120}}, {"model": "menu.ingredient", "pk": 67, "fields": {"recipe": 13, "name": "", "comment": null, "amount": "0.000", "unit": null, "sorting": 140}}, {"model": "menu.ingredient", "pk": 68, "fields": {"recipe": 13, "name": "", "comment": null, "amount": "0.000", "unit": null, "sorting": 150}}, {"model": "menu.ingredient", "pk": 69, "fields": {"recipe": 13, "name": "", "comment": null, "amount": "0.000", "unit": null, "sorting": 160}}, {"model": "menu.ingredient", "pk": 70, "fields": {"recipe": 13, "name": "zzzzzzzzzzzzz", "comment": "", "amount": "30.000", "unit": "", "sorting": 170}}, {"model": "menu.ingredient", "pk": 71, "fields": {"recipe": 13, "name": "aseg", "comment": "", "amount": "3.000", "unit": "", "sorting": 180}}, {"model": "menu.ingredient", "pk": 73, "fields": {"recipe": 13, "name": "AWEG", "comment": "", "amount": "3.000", "unit": "", "sorting": 190}}, {"model": "menu.ingredient", "pk": 76, "fields": {"recipe": 13, "name": "zzz", "comment": "", "amount": "3.000", "unit": "", "sorting": 200}}, {"model": "menu.ingredient", "pk": 77, "fields": {"recipe": 13, "name": "arhgzdfb", "comment": "", "amount": "1.000", "unit": "", "sorting": 210}}, {"model": "menu.ingredient", "pk": 78, "fields": {"recipe": 13, "name": "fffffffffaaa", "comment": "", "amount": "0.010", "unit": "", "sorting": 220}}, {"model": "menu.ingredient", "pk": 79, "fields": {"recipe": 13, "name": "awegaweg", "comment": "", "amount": "1.000", "unit": "", "sorting": 230}}, {"model": "menu.ingredient", "pk": 80, "fields": {"recipe": 13, "name": "gggggggggggggg", "comment": "", "amount": "1.000", "unit": "", "sorting": 240}}, {"model": "menu.ingredient", "pk": 81, "fields": {"recipe": 13, "name": "aewgkkk", "comment": "", "amount": "1.000", "unit": "", "sorting": 250}}, {"model": "menu.ingredient", "pk": 82, "fields": {"recipe": 13, "name": "awegaweg1", "comment": "", "amount": "10.000", "unit": "", "sorting": 260}}, {"model": "menu.ingredient", "pk": 83, "fields": {"recipe": 13, "name": "awega1", "comment": "", "amount": "1.000", "unit": "", "sorting": 270}}, {"model": "menu.ingredient", "pk": 85, "fields": {"recipe": 13, "name": "awega1", "comment": "", "amount": "13.000", "unit": "", "sorting": 280}}, {"model": "menu.ingredient", "pk": 86, "fields": {"recipe": 12, "name": "zzz", "comment": "", "amount": "3.000", "unit": "", "sorting": 50}}, {"model": "menu.ingredient", "pk": 87, "fields": {"recipe": 12, "name": "awegaweg", "comment": "", "amount": "3.000", "unit": "", "sorting": 60}}, {"model": "menu.ingredient", "pk": 88, "fields": {"recipe": 11, "name": "new ingredient 1234", "comment": "chopped", "amount": "1.000", "unit": "cup", "sorting": 10}}, {"model": "menu.shoppinglist", "pk": 53, "fields": {"ingredient": 34, "name": "asde", "amount": 0, "completed": true}}, {"model": "auth.user", "pk": 1, "fields": {"password": "pbkdf2_sha256$20000$Ohq0RKXVhTn4$SNQDZKu0Us+zAYR63n5bSpdqXwfhv6K9DubsD7VKZh8=", "last_login": "2017-09-06T01:08:41.400Z", "is_superuser": true, "username": "matt", "first_name": "", "last_name": "", "email": "", "is_staff": true, "is_active": true, "date_joined": "2015-09-09T01:15:45.631Z", "groups": [], "user_permissions": []}}, {"model": "auth.user", "pk": 2, "fields": {"password": "pbkdf2_sha256$20000$Ohq0RKXVhTn4$SNQDZKu0Us+zAYR63n5bSpdqXwfhv6K9DubsD7VKZh8=", "last_login": "2018-08-07T15:26:54.546Z", "is_superuser": true, "username": "testuser", "first_name": "", "last_name": "", "email": "", "is_staff": false, "is_active": true, "date_joined": "2015-09-09T01:44:28Z", "groups": [], "user_permissions": []}}, {"model": "menu.recipe", "pk": 3, "fields": {"name": "Potato Stew", "cook_method": 4, "temperature": "1234", "directions": "\r\nthese are some directions", "source": "", "servings": 4567, "prep_time": 2345, "cook_time": 3456, "user": 1, "publish_date": "2015-09-10T03:02:44.689Z", "edit_date": "2015-09-10T03:02:44.689Z", "pinned": true, "banner_image": "", "dish_type": 6, "description": "\r\nThis is a description", "tags": []}}, {"model": "menu.recipe", "pk": 4, "fields": {"name": "Taco Soup", "cook_method": 3, "temperature": "G", "directions": "\r\nDo the stuff to the things", "source": "", "servings": 3, "prep_time": 1, "cook_time": 2, "user": 1, "publish_date": "2015-09-10T03:25:18.759Z", "edit_date": "2015-09-10T03:25:18.759Z", "pinned": true, "banner_image": "", "dish_type": 6, "description": "\r\nThis is a description", "tags": []}}, {"model": "menu.recipe", "pk": 5, "fields": {"name": "Lorem ipsum dgggolor", "cook_method": 1, "temperature": "Vestibulum", "directions": "\r\nLorem ipsum dgggolor sit amet, consectetur adipiscing elit. Pellentesque lacus nisi, maximus eget urna vitae, laoreet porttitor magna. Nam elementum tincidunt mauris, nec ullamcorper nibh commodo a. Nam a purus dolor. Donec fringilla quam sit amet ipsum venenatis, auctor mattis tortor placerat. Maecenas pellentesque commodo enim, in rhoncus elit euismod in. Donec libero nisl, semper eget nibh sit amet, tempus semper neque. Duis elit mauris, rutrum sit amet hendrerit at, sagittis ut ex. Donec hendrerit lacus lacus, eu fermentum massa sodales in. Donec mattis vestibulum nunc dignissim egestas.\r\n\r\nNullam tempus, ex a maximus scelerisque, augue dui egestas elit, eget mattis nulla nulla vel enim. Nullam sit amet ligula sit amet ligula gravida venenatis. Donec nibh neque, aliquet eget pharetra sed, facilisis eu quam. Nunc turpis dolor, convallis ut tristique eleifend, efficitur vitae purus. Curabitur eget velit convallis velit vulputate scelerisque vitae at lorem. In maximus sodales ipsum bibendum iaculis. Donec a tristique turpis. Vestibulum id dui nec est pellentesque sollicitudin et et velit. In vitae purus vitae justo auctor rhoncus. Nunc non posuere dui.\r\n\r\nNulla facilisi. Morbi dapibus id orci in auctor. Sed libero augue, tempus vitae urna ac, fringilla ultricies libero. Curabitur vel turpis ut velit tincidunt eleifend. Sed congue bibendum porta. Sed consequat tortor eget quam fringilla, vel rhoncus felis euismod. Fusce consectetur ipsum nec ante maximus pretium. Nulla ornare ex ac nisl tincidunt, nec dictum enim placerat. Vivamus odio nisi, hendrerit eget libero interdum, scelerisque mattis est. Donec mattis eleifend congue. In mauris lectus, feugiat sit amet porttitor vitae, dapibus vel risus. Proin et metus euismod, condimentum odio vitae, imperdiet dolor. Sed ac velit vel libero eleifend condimentum vestibulum lacinia lectus. Sed sed nulla pretium, egestas felis feugiat, tincidunt nisi. Donec quis sollicitudin eros, in malesuada est.\r\n\r\nVestibulum scelerisque lorem sit amet ligula eleifend ultricies. Cras cursus ante ligula, ac gravida orci scelerisque non. Nam felis tortor, lobortis quis eros eu, mollis iaculis neque. Nam ut est vel tellus congue pulvinar. Sed eu rutrum leo. Lorem ipsum dolor sit amet, consectetur adipiscing elit. Vestibulum nunc sem, hendrerit quis tincidunt cursus, tincidunt ac libero. Sed imperdiet iaculis lorem, a molestie enim interdum eget. Sed vitae auctor arcu. Pellentesque et metus at sem tincidunt pellentesque ut ut leo. Mauris tincidunt mauris eget lorem faucibus, id mattis ipsum gravida. Nulla non lectus odio.\r\n\r\nInteger id magna massa. Morbi dignissim augue ac sem faucibus ornare nec eget libero. Fusce non malesuada tortor. Maecenas lacus augue, rutrum a sapien vitae, consectetur dignissim enim. Fusce tincidunt ultrices dui ac lobortis. Aenean vel efficitur libero. Aenean varius, quam ut fermentum viverra, est risus porttitor nulla, eu vulputate nibh erat a ante. Cras consectetur diam urna, sit amet mattis ex laoreet id. Aliquam eu purus eget purus euismod suscipit. Curabitur imperdiet augue et faucibus mollis. Ut elit arcu, luctus eget odio non, pulvinar tincidunt ex. ", "source": "https://www.google.com", "servings": 5, "prep_time": 1, "cook_time": 3, "user": 2, "publish_date": "2015-09-18T03:37:35.894Z", "edit_date": "2015-09-18T03:37:35.894Z", "pinned": true, "banner_image": "1", "dish_type": 2, "description": "\r\nLorem ipsum dgggolor sit amet, consectetur adipiscing elit. Pellentesque lacus nisi, maximus eget urna vitae, laoreet porttitor magna. Nam elementum tincidunt mauris, nec ullamcorper nibh commodo a. Nam a purus dolor. Donec fringilla quam sit amet ipsum venenatis, auctor mattis tortor placerat. Maecenas pellentesque commodo enim, in rhoncus elit euismod in. Donec libero nisl, semper eget nibh sit amet, tempus semper neque. Duis elit mauris, rutrum sit amet hendrerit at, sagittis ut ex. Donec hendrerit lacus lacus, eu fermentum massa sodales in. Donec mattis vestibulum nunc dignissim egestas.\r\n\r\nNullam tempus, ex a maximus scelerisque, augue dui egestas elit, eget mattis nulla nulla vel enim. Nullam sit amet ligula sit amet ligula gravida venenatis. Donec nibh neque, aliquet eget pharetra sed, facilisis eu quam. Nunc turpis dolor, convallis ut tristique eleifend, efficitur vitae purus. Curabitur eget velit convallis velit vulputate scelerisque vitae at lorem. In maximus sodales ipsum bibendum iaculis. Donec a tristique turpis. Vestibulum id dui nec est pellentesque sollicitudin et et velit. In vitae purus vitae justo auctor rhoncus. Nunc non posuere dui.", "tags": []}}, {"model": "menu.recipe", "pk": 6, "fields": {"name": "Timezone Test", "cook_method": 1, "temperature": "chill", "directions": "\r\nDo some things", "source": "", "servings": 10, "prep_time": 20, "cook_time": 60, "user": 1, "publish_date": "2015-09-23T00:38:04.508Z", "edit_date": "2015-09-23T00:38:04.508Z", "pinned": true, "banner_image": "", "dish_type": 1, "description": "\r\nasdf", "tags": []}}, {"model": "menu.recipe", "pk": 7, "fields": {"name": "This is a recipe", "cook_method": 0, "temperature": "3", "directions": "\r\nThese are some directions", "source": "thisisaurl", "servings": 10, "prep_time": 50, "cook_time": 30, "user": 1, "publish_date": "2015-10-17T02:58:31.505Z", "edit_date": "2015-10-17T02:58:31.505Z", "pinned": true, "banner_image": "thisisaurltoo", "dish_type": 2, "description": "this is a description", "tags": []}}, {"model": "menu.recipe", "pk": 8, "fields": {"name": "asdfgegeg", "cook_method": 1, "temperature": "3", "directions": "\r\nsome directions", "source": "asdf", "servings": 9, "prep_time": 202, "cook_time": 20, "user": 1, "publish_date": "2015-12-11T02:57:15.369Z", "edit_date": "2015-12-11T02:57:15.369Z", "pinned": true, "banner_image": null, "dish_type": 3, "description": "\r\ndescription", "tags": []}}, {"model": "menu.recipe", "pk": 9, "fields": {"name": "Baffhdss", "cook_method": 2, "temperature": "4", "directions": "DVDFab db tv", "source": "Hgd", "servings": 3, "prep_time": 2, "cook_time": 1, "user": 1, "publish_date": "2015-12-11T05:35:08.373Z", "edit_date": "2015-12-11T05:35:08.373Z", "pinned": true, "banner_image": null, "dish_type": 4, "description": "Ugh c SF", "tags": []}}, {"model": "menu.recipe", "pk": 10, "fields": {"name": "wegq", "cook_method": 1, "temperature": "g3", "directions": "\r\nawgeweg", "source": "", "servings": 3, "prep_time": 3, "cook_time": 3, "user": 1, "publish_date": "2015-12-13T16:20:16.728Z", "edit_date": "2015-12-13T16:20:16.728Z", "pinned": true, "banner_image": null, "dish_type": 3, "description": "", "tags": []}}, {"model": "menu.recipe", "pk": 11, "fields": {"name": "This is a Recipe", "cook_method": 2, "temperature": "sdf", "directions": "asdf", "source": "", "servings": 0, "prep_time": 0, "cook_time": 0, "user": 2, "publish_date": "2016-02-04T02:22:41.089Z", "edit_date": "2016-02-04T02:22:41.089Z", "pinned": true, "banner_image": null, "dish_type": 2, "description": "asdf", "tags": [63]}}, {"model": "menu.recipe", "pk": 12, "fields": {"name": "gwegweg", "cook_method": 1, "temperature": "gwegwegweg", "directions": "23t23", "source": "", "servings": 0, "prep_time": 0, "cook_time": 0, "user": 2, "publish_date": "2016-02-04T03:17:42.436Z", "edit_date": "2016-02-04T03:17:42.436Z", "pinned": true, "banner_image": null, "dish_type": 4, "description": "gewgeg", "tags": []}}, {"model": "menu.recipe", "pk": 13, "fields": {"name": "asggggge", "cook_method": 1, "temperature": "375", "directions": "\r\naweg", "source": "geg", "servings": 0, "prep_time": 0, "cook_time": 0, "user": 2, "publish_date": "2016-02-04T03:35:08.725Z", "edit_date": "2016-02-04T03:35:08.725Z", "pinned": true, "banner_image": null, "dish_type": 1, "description": "", "tags": [64, 58, 52, 59, 51, 57]}}, {"model": "menu.recipe", "pk": 14, "fields": {"name": "aweggegg", "cook_method": 1, "temperature": "h", "directions": "gweg", "source": "", "servings": 0, "prep_time": 0, "cook_time": 0, "user": 1, "publish_date": "2016-02-04T05:22:28.485Z", "edit_date": "2016-02-04T05:22:28.485Z", "pinned": true, "banner_image": null, "dish_type": 2, "description": "asdf", "tags": []}}, {"model": "menu.recipe", "pk": 15, "fields": {"name": "wegwg", "cook_method": 2, "temperature": "eg", "directions": "geg", "source": "eee", "servings": 0, "prep_time": -10, "cook_time": 0, "user": 2, "publish_date": "2016-12-01T02:18:56.243Z", "edit_date": "2016-12-01T02:18:56.243Z", "pinned": true, "banner_image": null, "dish_type": 2, "description": "weg", "tags": []}}, {"model": "menu.recipe", "pk": 16, "fields": {"name": "qweg", "cook_method": 2, "temperature": "aweg", "directions": "\r\ntext text text text text text text text text text text text text text text text text text text text text text text text text text text text text text text text text text text text text text text text text text text text text text text text text text text text text text text text text text text text text text text text text text text text text text text text text text text text text text text text text text text text text text text text text text text text text text text text text text text text text text text text text text text text text text text text text text text text text text text text text text text text text text text text text text text text text text text text text text text text text text text text text text text text text text text text text text text text text text text text text text text text text text text text text text text text text text text text text text text text text text text text text text text text text text text text text text text text text text text text text text text text text text text text text text text text text text text text text text text text text text text text text text text text text text text text text text text text text text text text text text text text text text text text text text text text text text text text text text text text text text text text text text text text text text text text text text text text text text text text text text text text text text text text text text text text text text text text text text text text text text text text text text text text text text text text text text text text text text text text text text text text text text text text text text text text text text text text text text text text text text text text text text text text text text text text text text text text text text text text text text text text text text text text text text text text text text text text text text text text text text text text text text text text text text text text text text text text text text text text text text text text text text text text text text text text text text text text text text text text text text text text text text text text text text text text text text text text text text text text text text text text text text text text text text text text text text text text text text text text text text text text text text text text text text text text text text text text text text text text text text text text text text text text text text text text text text text text text text text text text text text text text text text text text text text text text text text text text text text text text text text text text text text text text text text text text text text text text text text text text text text text text text text text text text text text text text text text text text text text text text text text text text text text text text text text text text text text text text text text text text text text text text text text text text text text text text text text text text text text text text text text text text text text text text text text text text text text text text text text text text text text text v", "source": "", "servings": 0, "prep_time": 0, "cook_time": 0, "user": 2, "publish_date": "2017-07-16T21:56:56.017Z", "edit_date": "2017-07-16T21:56:56.017Z", "pinned": false, "banner_image": null, "dish_type": 1, "description": "agr", "tags": []}}, {"model": "menu.recipe", "pk": 17, "fields": {"name": "Turkey Bacon Egg Wraps", "cook_method": 4, "temperature": "3.5/10", "directions": "\r\n1. Crack the eggs into a mixing bowl.\r\n1. Add the cream\r\n1. Beat until smooth\r\n1. Cover the bottom of a non-stick pan with the egg mixture.\r\n1. Add a dash of salt.\r\n1. Cook for about 2 minutes or until the egg has set.\r\n1. Use a large spatula to flip the egg.\r\n1. Cook for an additional 30 seconds and remove.\r\n1. Repeat until you are out of egg mixture. You should end up with 4-5 egg 'tortillas'.\r\n1. Meanwhile, cook the turkey bacon in a separate pan.\r\n1. Cut the turkey bacon slices in half.", "source": "", "servings": 1, "prep_time": 10, "cook_time": 30, "user": 2, "publish_date": "2017-09-10T15:45:44.958Z", "edit_date": "2017-09-10T15:45:44.958Z", "pinned": false, "banner_image": null, "dish_type": 2, "description": "\r\nEgg-wrapped turkey bacon. Easy on-the-go keto breakfast.\r\n\r\nNutrition per serving: 7g of fat (2 saturated, 2 monounsaturated, 1 polyunsaturated) and 7g of protein. 0 net carbs.", "tags": [53, 54, 55, 56]}}, {"model": "menu.recipe", "pk": 18, "fields": {"name": "recipe 12345", "cook_method": 2, "temperature": "333", "directions": "\r\n1. do first thing\r\n1. do second thing\r\n1. do third thing", "source": "http://google.com", "servings": 5, "prep_time": 3, "cook_time": 4, "user": 2, "publish_date": "2018-05-28T22:53:37.248Z", "edit_date": "2018-05-28T22:53:37.248Z", "pinned": false, "banner_image": null, "dish_type": 1, "description": "Some description", "tags": [65]}}, {"model": "menu.comment", "pk": 9, "fields": {"recipe": 3, "comment": "comment oasdfasdf", "rating": null, "user": 1, "publishDate": "2015-09-18T02:19:54.787Z", "editDate": "2015-09-18T02:19:55.225Z"}}, {"model": "menu.comment", "pk": 21, "fields": {"recipe": 6, "comment": "tasty", "rating": null, "user": 1, "publishDate": "2015-09-23T00:40:28.541Z", "editDate": "2015-09-23T00:40:28.581Z"}}, {"model": "menu.comment", "pk": 23, "fields": {"recipe": 4, "comment": "asdf", "rating": null, "user": 1, "publishDate": "2015-11-22T05:26:47.625Z", "editDate": "2015-11-22T05:26:47.665Z"}}, {"model": "menu.comment", "pk": 26, "fields": {"recipe": 13, "comment": "this is a comment", "rating": null, "user": 2, "publishDate": "2016-04-03T16:12:04.269Z", "editDate": "2016-04-03T16:12:04.307Z"}}, {"model": "menu.comment", "pk": 38, "fields": {"recipe": 13, "comment": "qwef", "rating": null, "user": 2, "publishDate": "2017-09-09T23:36:17.477Z", "editDate": "2017-09-09T23:36:17.478Z"}}, {"model": "menu.comment", "pk": 39, "fields": {"recipe": 13, "comment": "wef", "rating": null, "user": 2, "publishDate": "2017-09-10T02:03:40.924Z", "editDate": "2017-09-10T02:03:40.925Z"}}, {"model": "menu.comment", "pk": 46, "fields": {"recipe": 16, "comment": "fdsawegaweg", "rating": null, "user": 2, "publishDate": "2017-09-10T04:33:35.083Z", "editDate": "2017-09-10T04:33:35.084Z"}}, {"model": "menu.comment", "pk": 59, "fields": {"recipe": 13, "comment": "a note", "rating": null, "user": 2, "publishDate": "2017-09-10T06:35:46.810Z", "editDate": "2017-09-10T06:35:46.811Z"}}, {"model": "menu.comment", "pk": 61, "fields": {"recipe": 17, "comment": "to taste", "rating": null, "user": 2, "publishDate": "2017-09-10T15:46:59.252Z", "editDate": "2017-09-10T15:46:59.252Z"}}, {"model": "menu.comment", "pk": 62, "fields": {"recipe": 17, "comment": "to taste", "rating": null, "user": 2, "publishDate": "2017-09-10T15:47:05.999Z", "editDate": "2017-09-10T15:47:06.000Z"}}, {"model": "menu.comment", "pk": 63, "fields": {"recipe": 17, "comment": "to taste", "rating": null, "user": 2, "publishDate": "2017-09-10T15:47:17.289Z", "editDate": "2017-09-10T15:47:17.290Z"}}, {"model": "menu.comment", "pk": 64, "fields": {"recipe": 17, "comment": "to taste", "rating": null, "user": 2, "publishDate": "2017-09-10T15:48:00.000Z", "editDate": "2017-09-10T15:48:00.001Z"}}, {"model": "menu.comment", "pk": 65, "fields": {"recipe": 17, "comment": "aweg", "rating": null, "user": 2, "publishDate": "2017-09-10T15:48:07.142Z", "editDate": "2017-09-10T15:48:07.143Z"}}, {"model": "menu.comment", "pk": 66, "fields": {"recipe": 17, "comment": "to taste", "rating": null, "user": 2, "publishDate": "2017-09-10T15:48:18.017Z", "editDate": "2017-09-10T15:48:18.018Z"}}, {"model": "menu.comment", "pk": 67, "fields": {"recipe": 17, "comment": "to taste", "rating": null, "user": 2, "publishDate": "2017-09-10T15:48:39.027Z", "editDate": "2017-09-10T15:48:39.028Z"}}, {"model": "menu.comment", "pk": 68, "fields": {"recipe": 17, "comment": "weg", "rating": null, "user": 2, "publishDate": "2017-09-10T16:00:34.400Z", "editDate": "2017-09-10T16:00:34.400Z"}}, {"model": "menu.comment", "pk": 82, "fields": {"recipe": 13, "comment": "fawefawg", "rating": null, "user": 2, "publishDate": "2017-10-09T00:28:04.422Z", "editDate": "2017-10-09T00:28:04.740Z"}}, {"model": "menu.comment", "pk": 83, "fields": {"recipe": 13, "comment": "fasgaregewagawe", "rating": null, "user": 2, "publishDate": "2017-10-09T00:29:46.268Z", "editDate": "2017-10-09T00:29:46.604Z"}}, {"model": "menu.comment", "pk": 84, "fields": {"recipe": 13, "comment": "egQEGQWFQ", "rating": null, "user": 2, "publishDate": "2017-10-09T00:30:14.058Z", "editDate": "2017-10-09T00:30:14.392Z"}}, {"model": "menu.comment", "pk": 85, "fields": {"recipe": 13, "comment": "fawefawegawegawegaweg", "rating": null, "user": 2, "publishDate": "2017-10-09T00:32:41.290Z", "editDate": "2017-10-09T00:32:41.695Z"}}, {"model": "menu.comment", "pk": 86, "fields": {"recipe": 13, "comment": "awegawefaweg", "rating": null, "user": 2, "publishDate": "2017-10-09T00:33:06.865Z", "editDate": "2017-10-09T00:33:07.174Z"}}, {"model": "menu.comment", "pk": 89, "fields": {"recipe": 13, "comment": "awegawefawegawegaw", "rating": null, "user": 2, "publishDate": "2017-10-09T00:33:50.651Z", "editDate": "2017-10-09T00:33:50.969Z"}}, {"model": "menu.comment", "pk": 90, "fields": {"recipe": 11, "comment": "this is a note", "rating": null, "user": 2, "publishDate": "2018-05-28T22:51:53.341Z", "editDate": "2018-05-28T22:51:53.382Z"}}, {"model": "menu.comment", "pk": 91, "fields": {"recipe": 5, "comment": "asdfa", "rating": null, "user": 2, "publishDate": "2018-08-07T15:27:50.685Z", "editDate": "2018-08-07T15:27:50.709Z"}}, {"model": "menu.rating", "pk": 7, "fields": {"recipe": 4, "rating": 3, "user": 1, "publishDate": "2015-09-18T02:30:34.658Z", "editDate": "2015-09-18T02:30:34.658Z"}}, {"model": "menu.rating", "pk": 14, "fields": {"recipe": 3, "rating": 6, "user": 1, "publishDate": "2015-09-18T03:03:25.743Z", "editDate": "2015-09-18T03:22:26.378Z"}}, {"model": "menu.rating", "pk": 16, "fields": {"recipe": 3, "rating": 3, "user": 2, "publishDate": "2015-09-18T03:24:52.426Z", "editDate": "2015-09-18T03:26:15.536Z"}}, {"model": "menu.rating", "pk": 17, "fields": {"recipe": 5, "rating": 1, "user": 1, "publishDate": "2015-09-18T03:37:46.232Z", "editDate": "2015-09-20T02:20:46.524Z"}}, {"model": "admin.logentry", "pk": 5, "fields": {"action_time": "2016-02-04T02:57:36.538Z", "user": 1, "content_type": 4, "object_id": "2", "object_repr": "testuser", "action_flag": 2, "change_message": "Changed is_superuser."}}]